ID,Type,SKU,"GTIN, UPC, EAN, or ISBN",Name,Published,"Is featured?","Visibility in catalog","Short description",Description,"Date sale price starts","Date sale price ends","Tax status","Tax class","In stock?",Stock,"Low stock amount","Backorders allowed?","Sold individually?","Weight (kg)","Length (cm)","Width (cm)","Height (cm)","Allow customer reviews?","Purchase note","Sale price","Regular price",Categories,Tags,"Shipping class",Images,"Download limit","Download expiry days",Parent,"Grouped products",Upsells,Cross-sells,"External URL","Button text",Position,Brands
57,"simple, virtual",ito-ai-ml,,"Artificial Intelligence & Machine Learning",1,0,visible,"Hands-on AI/ML course covering model basics, practical datasets, and guided mini projects.","Hands-on AI/ML course covering model basics, practical datasets, and guided mini projects.",,,taxable,,1,,,0,0,,,,,1,,750,1000,"IT Technologies for Kids",,,https://indiatutorsonline.com/wp-content/uploads/2026/04/AIML.webp,,,,,,,,,0,
59,"simple, virtual",ito-python,,"Python Programming for Beginners",1,0,visible,"Start coding with Python through live sessions, assignments, and mentor feedback.","Start coding with Python through live sessions, assignments, and mentor feedback.",,,taxable,,1,,,0,0,,,,,1,,750,1000,"IT Technologies for Kids",,,https://indiatutorsonline.com/wp-content/uploads/2026/04/PythonCarouselCover.webp,,,,,,,,,0,
61,"simple, virtual",ito-robotics,,"Robotics & Computational Thinking",1,0,visible,"Build logic and automation skills with beginner robotics concepts and project work.","Build logic and automation skills with beginner robotics concepts and project work.",,,taxable,,1,,,0,0,,,,,1,,750,1000,"IT Technologies for Kids",,,https://indiatutorsonline.com/wp-content/uploads/2026/04/RoboticsCarouselCover.webp,,,,,,,,,0,
63,"simple, virtual",ito-algebra,,"Algebra I Foundation",1,0,visible,"Concept-to-application algebra training for middle and high school learners.","Concept-to-application algebra training for middle and high school learners.",,,taxable,,1,,,0,0,,,,,1,,750,1000,Academics,,,https://indiatutorsonline.com/wp-content/uploads/2026/04/Algebra1Carousel.webp,,,,,,,,,0,
65,"simple, virtual",ito-chess,,"Chess Strategy & Mind Sports",1,0,visible,"Structured chess coaching focused on openings, tactics, and tournament readiness.","Structured chess coaching focused on openings, tactics, and tournament readiness.",,,taxable,,1,,,0,0,,,,,1,,750,1000,"Mind Sports",,,https://indiatutorsonline.com/wp-content/uploads/2026/04/Chess.jpg,,,,,,,,,0,
66,"simple, virtual",ito-violin,,"Violin/Viola Lessons for Beginners",1,0,visible,"Beginner-friendly violin and viola classes with technique drills and repertoire guidance.","Beginner-friendly violin and viola classes with technique drills and repertoire guidance.",,,taxable,,1,,,0,0,,,,,1,,750,1000,Music,,,https://indiatutorsonline.com/wp-content/uploads/2026/04/Violin.webp,,,,,,,,,0,
68,"simple, virtual",ito-ap-physics,,"AP Physics Prep",1,0,visible,"AP-aligned physics prep with concept boosters, timed practice, and exam strategy.","AP-aligned physics prep with concept boosters, timed practice, and exam strategy.",,,taxable,,1,,,0,0,,,,,1,,750,1000,"AP Courses",,,https://indiatutorsonline.com/wp-content/uploads/2026/04/App-Developement.jpg,,,,,,,,,0,
69,"simple, virtual",ito-sat-math,,"SAT/PSAT Math Mastery",1,0,visible,"Targeted SAT and PSAT math preparation with diagnostics and score-improvement plans.","Targeted SAT and PSAT math preparation with diagnostics and score-improvement plans.",,,taxable,,1,,,0,0,,,,,1,,750,1000,"Standardized Tests",,,https://indiatutorsonline.com/wp-content/uploads/2026/04/AIMLCarouselCover.webp,,,,,,,,,0,
100,"simple, virtual",ito-asset-aipromptingcarousel-webp,,AIPromptingCarousel,-1,0,visible,"Legacy course/media asset product generated from existing website library.","Legacy course/media asset product generated from existing website library.",,,taxable,,1,,,0,0,,,,,1,,750,1000,"Legacy Assets",,,"https://indiatutorsonline.com/wp-content/uploads/2026/04/AIPromptingCarousel.webp, https://indiatutorsonline.com/wp-content/uploads/2026/04/CarouselImage1.webp, https://indiatutorsonline.com/wp-content/uploads/2026/04/CarouselImage2.webp, https://indiatutorsonline.com/wp-content/uploads/2026/04/CarouselImage3-30-scaled.webp",,,,,,,,,0,
103,"simple, virtual",ito-asset-apbiologycarousel-webp,,APBiologyCarousel,-1,0,visible,"Legacy course/media asset product generated from existing website library.","Legacy course/media asset product generated from existing website library.",,,taxable,,1,,,0,0,,,,,1,,750,1000,"Legacy Assets",,,"https://indiatutorsonline.com/wp-content/uploads/2026/04/APBiologyCarousel.webp, https://indiatutorsonline.com/wp-content/uploads/2026/04/CarouselImage1.webp, https://indiatutorsonline.com/wp-content/uploads/2026/04/CarouselImage2.webp, https://indiatutorsonline.com/wp-content/uploads/2026/04/CarouselImage3-31-scaled.webp",,,,,,,,,0,
106,"simple, virtual",ito-asset-apcalculuscarousel-webp,,APCalculusCarousel,-1,0,visible,"Legacy course/media asset product generated from existing website library.","Legacy course/media asset product generated from existing website library.",,,taxable,,1,,,0,0,,,,,1,,750,1000,"Legacy Assets",,,"https://indiatutorsonline.com/wp-content/uploads/2026/04/APCalculusCarousel.webp, https://indiatutorsonline.com/wp-content/uploads/2026/04/CarouselImage1.webp, https://indiatutorsonline.com/wp-content/uploads/2026/04/CarouselImage2.webp, https://indiatutorsonline.com/wp-content/uploads/2026/04/CarouselImage3-32-scaled.webp",,,,,,,,,0,
109,"simple, virtual",ito-asset-apphysicscarousel-webp,,APPhysicsCarousel,-1,0,visible,"Legacy course/media asset product generated from existing website library.","Legacy course/media asset product generated from existing website library.",,,taxable,,1,,,0,0,,,,,1,,750,1000,"Legacy Assets",,,"https://indiatutorsonline.com/wp-content/uploads/2026/04/APPhysicsCarousel.webp, https://indiatutorsonline.com/wp-content/uploads/2026/04/CarouselImage1.webp, https://indiatutorsonline.com/wp-content/uploads/2026/04/CarouselImage2.webp, https://indiatutorsonline.com/wp-content/uploads/2026/04/CarouselImage3-33-scaled.webp",,,,,,,,,0,
112,"simple, virtual",ito-asset-aboutusimage1-webp,,AboutUsImage1,-1,0,visible,"Legacy course/media asset product generated from existing website library.","Legacy course/media asset product generated from existing website library.",,,taxable,,1,,,0,0,,,,,1,,750,1000,"Legacy Assets",,,"https://indiatutorsonline.com/wp-content/uploads/2026/04/AboutUsImage1.webp, https://indiatutorsonline.com/wp-content/uploads/2026/04/CarouselImage1.webp, https://indiatutorsonline.com/wp-content/uploads/2026/04/CarouselImage2.webp, https://indiatutorsonline.com/wp-content/uploads/2026/04/CarouselImage3-34-scaled.webp",,,,,,,,,0,
115,"simple, virtual",ito-asset-aboutusimage2-webp,,AboutUsImage2,-1,0,visible,"Legacy course/media asset product generated from existing website library.","Legacy course/media asset product generated from existing website library.",,,taxable,,1,,,0,0,,,,,1,,750,1000,"Legacy Assets",,,"https://indiatutorsonline.com/wp-content/uploads/2026/04/AboutUsImage2.webp, https://indiatutorsonline.com/wp-content/uploads/2026/04/CarouselImage1.webp, https://indiatutorsonline.com/wp-content/uploads/2026/04/CarouselImage2.webp, https://indiatutorsonline.com/wp-content/uploads/2026/04/CarouselImage3-35-scaled.webp",,,,,,,,,0,
118,"simple, virtual",ito-asset-algebra2carousel-webp,,Algebra2Carousel,-1,0,visible,"Legacy course/media asset product generated from existing website library.","Legacy course/media asset product generated from existing website library.",,,taxable,,1,,,0,0,,,,,1,,750,1000,"Legacy Assets",,,"https://indiatutorsonline.com/wp-content/uploads/2026/04/Algebra2Carousel.webp, https://indiatutorsonline.com/wp-content/uploads/2026/04/CarouselImage1.webp, https://indiatutorsonline.com/wp-content/uploads/2026/04/CarouselImage2.webp, https://indiatutorsonline.com/wp-content/uploads/2026/04/CarouselImage3-36-scaled.webp",,,,,,,,,0,
130,"simple, virtual",ito-asset-javacarouselcover-webp,,JavaCarouselCover,-1,0,visible,"Legacy course/media asset product generated from existing website library.","Legacy course/media asset product generated from existing website library.",,,taxable,,1,,,0,0,,,,,1,,750,1000,"Legacy Assets",,,"https://indiatutorsonline.com/wp-content/uploads/2026/04/JavaCarouselCover.webp, https://indiatutorsonline.com/wp-content/uploads/2026/04/CarouselImage1.webp, https://indiatutorsonline.com/wp-content/uploads/2026/04/CarouselImage2.webp, https://indiatutorsonline.com/wp-content/uploads/2026/04/CarouselImage3-41-scaled.webp",,,,,,,,,0,
133,"simple, virtual",ito-asset-satenglishthumbnail-webp,,SATEnglishThumbnail,-1,0,visible,"Legacy course/media asset product generated from existing website library.","Legacy course/media asset product generated from existing website library.",,,taxable,,1,,,0,0,,,,,1,,750,1000,"Legacy Assets",,,,,,,,,,,,0,
178,"simple, virtual",ito-asset-scratchcarouselcover-webp,,ScratchCarouselCover,-1,0,visible,"Legacy course/media asset product generated from existing website library.","Legacy course/media asset product generated from existing website library.",,,taxable,,1,,,0,0,,,,,1,,750,1000,"Legacy Assets",,,"https://indiatutorsonline.com/wp-content/uploads/2026/04/ScratchCarouselCover.webp, https://indiatutorsonline.com/wp-content/uploads/2026/04/CarouselImage1.webp, https://indiatutorsonline.com/wp-content/uploads/2026/04/CarouselImage2.webp, https://indiatutorsonline.com/wp-content/uploads/2026/04/CarouselImage3-43-scaled.webp",,,,,,,,,0,
341,"simple, virtual",,,"Customized Online Guitar Lessons for Kids — Basics to Mastery",1,0,visible,"Live guitar classes with expert mentors. Flexible timing, pay as you go, first demo class free.","Personalised online guitar coaching designed for young learners. Every class is one-on-one, paced to your child, and built around songs they love — so motivation stays high while technique builds steadily from the very first note.",,,taxable,,1,,,0,1,,,,,1,,750,1500,"Guitar, Music",,,,,,,,,,,,0,
342,"simple, virtual",,,"Online Piano &amp; Keyboard Classes for Kids and Beginners",1,0,visible,"Structured 1:1 piano lessons with certified mentors. Learn at your pace, recital-ready.","A complete piano journey from first finger placement to confident two-hand playing. Lessons blend technique, theory and the pieces your child wants to play.",,,taxable,,1,,,0,1,,,,,1,,800,1600,"Music, Piano",,,,,,,,,,,,0,
343,"simple, virtual",,,"Python Programming for Kids — Code Your First Projects",1,0,visible,"Project-based live Python classes. Build games and apps from day one.","A hands-on introduction to real programming. Learners write actual Python, debug their own code, and finish each level with a project they can show off.",,,taxable,,1,,,0,1,,,,,1,,900,1800,"Coding, Python",,,https://indiatutorsonline.com/wp-content/uploads/2026/05/Python-1.jpg,,,,,,,,,0,
344,"simple, virtual",,,"Spoken English &amp; Confident Communication",1,0,visible,"Live conversational English with personalised feedback. Speak fluently, fearlessly.","Move beyond grammar drills to real conversation. Every session is interactive, with structured feedback that targets fluency, pronunciation and confidence.",,,taxable,,1,,,0,1,,,,,1,,650,1300,"Languages, Spoken English",,,,,,,,,,,,0,
349,"simple, virtual",,,Piano,1,0,visible,"Live 1:1 and group Piano classes with expert mentors. Flexible scheduling, first demo free.","<p>1. Convenience: You can attend classes from the comfort of your own home or any location with internet access. This eliminates the need for commuting, saving you time and money.</p><p>2. Flexibility: Online classes often offer flexible scheduling options, allowing you to choose the time that works best for you. This flexibility is especially beneficial for those with busy schedules or irregular working hours.</p><p>3. Access to Quality Instructors: Online platforms often have a wide selection of qualified instructors from around the world. This means you can find a teacher whose teaching style and expertise align with your learning goals.</p><p>4. Cost-effectiveness: Online classes can be more affordable than in-person lessons since they eliminate overhead costs associated with maintaining a physical location. Additionally, you can often find a variety of pricing options to suit your budget.</p><p>5. Variety of Resources: Online piano classes often come with a variety of supplementary resources such as video tutorials, practice exercises, and interactive learning tools, enhancing the overall learning experience.</p><p>6.Online Certifications: Opt for online examinations through various esteemed institutions and get certified for your skills.</p><p>At IndiaTutorsOnline, we believe that everyone has the potential to unlock their musical talents and start their journey of self-expression. IndiaTutorsOnline provides high-quality, accessible, and engaging online music classes for learners of all ages and skill levels.</p><p>We strive to break down barriers to learning and empower individuals from diverse backgrounds to pursue their passion for music, regardless of their geographical location, financial means, or previous experience.</p>",,,taxable,,1,,,0,1,,,,,1,,,600,"Musical Instruments, Piano",,,https://indiatutorsonline.com/wp-content/uploads/2026/05/Piano-1.jpg,,,,,,,,,0,
351,"simple, virtual",,,Guitar,1,0,visible,"Live 1:1 and group Guitar classes with expert mentors. Flexible scheduling, first demo free.","<p>At IndiaTutorsOnline, we believe in the limitless potential within everyone to discover and develop their musical talents. We are dedicated to providing high-quality, accessible, and engaging online music classes that cater to learners of all ages and skill levels.</p><p>Our mission is to eliminate barriers to music education, empowering individuals from all walks of life to pursue their passion for music, no matter their location, financial situation, or prior experience.</p><p>Whether your dream is to master the piano, rock out on the guitar, or compose your own symphonies, IndiaTutorsOnline is here to help you bring your musical aspirations to life. Join us today and experience the joy of making music with IndiaTutorsOnline—where your journey to excellence begins.</p>",,,taxable,,1,,,0,1,,,,,1,,,600,"Guitar, Musical Instruments",,,https://indiatutorsonline.com/wp-content/uploads/2026/05/Guitar.jpg,,,,,,,,,0,
360,"simple, virtual",,,Ukulele,1,0,visible,"Live 1:1 and group Ukulele classes with expert mentors. Flexible scheduling, first demo free.","<p>Accessible Across USA, UK, Europe, Australia, Singapore, Dubai, and More</p><p>Certificates of Completion / Participation Available</p><p>This program develops coordination, rhythm, listening skills, and musical creativity, while building confidence through performance and a love for music.</p><p>👉 Soprano Ukulele is strongly recommended for beginners</p><p>🎵 About Ukulele vs Guitar (Short Understanding)</p><p>The ukulele is a small, four-stringed instrument originally from Hawaii, traditionally strung with nylon strings and tuned G-C-E-A.</p><p>The guitar is a larger six-stringed instrument available in acoustic, classical, and electric variants, with a wider range of tones.</p><p>The ukulele offers a lighter, cheerful tone and is generally easier for young beginners, while the guitar provides a broader tonal range and greater repertoire depth.</p>",,,taxable,,1,,,0,1,,,,,1,,,600,"Musical Instruments, Musical Instruments > Ukulele",,,https://indiatutorsonline.com/wp-content/uploads/2026/05/Ukulele.jpg,,,,,,,,,0,
362,"simple, virtual",,,Keyboard,1,0,visible,"Live 1:1 and group Keyboard classes with expert mentors. Flexible scheduling, first demo free.","<p>1. Convenience: You can attend classes from the comfort of your own home or any location with internet access. This eliminates the need for commuting, saving you time and money.</p><p>2. Flexibility: Online classes often offer flexible scheduling options, allowing you to choose the time that works best for you. This flexibility is especially beneficial for those with busy schedules or irregular working hours.</p><p>3. Access to Quality Instructors: Online platforms often have a wide selection of qualified instructors from around the world. This means you can find a teacher whose teaching style and expertise align with your learning goals.</p><p>4. Cost-effectiveness: Online classes can be more affordable than in-person lessons since they eliminate overhead costs associated with maintaining a physical location. Additionally, you can often find a variety of pricing options to suit your budget.</p><p>5. Variety of Resources: Online keyboard classes often come with a variety of supplementary resources such as video tutorials, practice exercises, and interactive learning tools, enhancing the overall learning experience.</p><p>6.Online Certifications: Opt for online examinations through various esteemed institutions and get certified for your skills.</p><p>At IndiaTutorsOnline, we believe that everyone has the potential to unlock their musical talents and start their journey of self-expression. IndiaTutorsOnline provides high-quality, accessible, and engaging online music classes for learners of all ages and skill levels.</p><p>We strive to break down barriers to learning and empower individuals from diverse backgrounds to pursue their passion for music, regardless of their geographical location, financial means, or previous experience.</p>",,,taxable,,1,,,0,1,,,,,1,,,600,"Musical Instruments > Keyboard, Musical Instruments",,,https://indiatutorsonline.com/wp-content/uploads/2026/05/Keyboard.jpg,,,,,,,,,0,
363,"simple, virtual",,,Drums,1,0,visible,"Live 1:1 and group Drums classes with expert mentors. Flexible scheduling, first demo free.",,,,taxable,,1,,,0,1,,,,,1,,,600,"Musical Instruments > Drums, Musical Instruments",,,,,,,,,,,,0,
372,"simple, virtual",,,Violin,1,0,visible,"Live 1:1 and group Violin classes with expert mentors. Flexible scheduling, first demo free.",,,,taxable,,1,,,0,1,,,,,1,,,1000,"Musical Instruments, Musical Instruments > Violin",,,https://indiatutorsonline.com/wp-content/uploads/2026/05/Violin.jpg,,,,,,,,,0,
374,"simple, virtual",,,Veena,1,0,visible,"Live 1:1 and group Veena classes with expert mentors. Flexible scheduling, first demo free.",,,,taxable,,1,,,0,1,,,,,1,,,600,"Musical Instruments, Musical Instruments > Veena",,,https://indiatutorsonline.com/wp-content/uploads/2026/05/Veena.jpg,,,,,,,,,0,
375,"simple, virtual",,,Cello,1,0,visible,"Live 1:1 and group Cello classes with expert mentors. Flexible scheduling, first demo free.",,,,taxable,,1,,,0,1,,,,,1,,,1500,"Musical Instruments > Cello, Musical Instruments",,,https://indiatutorsonline.com/wp-content/uploads/2026/05/Cello.jpg,,,,,,,,,0,
383,"simple, virtual",,,Viola,1,0,visible,"Live 1:1 and group Viola classes with expert mentors. Flexible scheduling, first demo free.",,,,taxable,,1,,,0,1,,,,,1,,,1000,"Musical Instruments, Musical Instruments > Viola",,,https://indiatutorsonline.com/wp-content/uploads/2026/05/AI-Prompting-1.jpg,,,,,,,,,0,
386,"simple, virtual",,,Clarinet,1,0,visible,"Live 1:1 and group Clarinet classes with expert mentors. Flexible scheduling, first demo free.","<p>• Learn from home with proper posture and embouchure guidance• Flexible scheduling for students• Access to trained clarinet instructors• Focus on tone production, breath control, and articulation• Preparation for internationally recognized certifications</p><p>For Parents:This program develops breath control, discipline, coordination, listening skills, and musical expression, while building confidence through performance.</p><p>• Standard clarinet used by beginners and professionals• Balanced, warm tone• Widely used in classical, jazz, and band music• Recommended for most students</p><p>• Slightly longer than Bb clarinet• Warmer, darker tone• Common in orchestral repertoire• Used in advanced classical performance</p><p>• Larger instrument with deeper pitch• Rich, resonant sound• Used in orchestras, bands, and modern compositions• Requires more air support</p><p>• Smaller and higher-pitched• Bright, sharp tone• Used in orchestras and wind ensembles• More advanced and less common for beginners</p><p>👉 Bb Clarinet is strongly recommended for beginners</p><p>• Standard learning instrument• Easier fingering system• Comfortable size and handling• Used in ABRSM / Trinity exams</p>",,,taxable,,1,,,0,1,,,,,1,,,1500,"Musical Instruments > Clarinet, Musical Instruments",,,https://indiatutorsonline.com/wp-content/uploads/2026/05/clarinet.png,,,,,,,,,0,
387,"simple, virtual",,,Tabla,1,0,visible,"Live 1:1 and group Tabla classes with expert mentors. Flexible scheduling, first demo free.","<p>• Interactive and engaging live classes• 1:1 and group sessions available• Accessible globally (India, USA, UK, Europe, etc.)• Flexible scheduling• No contracts or hidden fees• Free demo class• Suitable for kids aged 6+• Focus on Hindustani classical rhythm system• Performance-based learning approach• Certificates of completion available</p><p>• Learn from home with proper hand technique and posture guidance• Flexible scheduling for students• Access to trained Indian classical tabla instructors• Focus on Bol, Taal, Layakari, and rhythmic clarity• Develop timing, coordination, and musical understanding</p><p>This program develops rhythm sense, coordination, discipline, concentration, and mathematical thinking, while enhancing creativity and confidence through structured rhythmic training and performance.</p><p>(Keep same as your file — no change needed)</p><p>The Tabla is the primary percussion instrument in Hindustani classical music, consisting of:</p><p>• Dayan (right drum) – tuned, melodic• Bayan (left drum) – bass, modulation</p><p>It is used in:• Classical music• Semi-classical (Bhajan, Ghazal)• Film &amp; fusion music</p><p>• Hindustani Classical Tradition (Guru-Shishya Parampara)• Institutional frameworks (Prayag Sangeet Samiti / Gandharva Mahavidyalaya)</p>",,,taxable,,1,,,0,1,,,,,1,,,600,"Musical Instruments, Musical Instruments > Tabla",,,https://indiatutorsonline.com/wp-content/uploads/2026/05/Tabla-1.jpg,,,,,,,,,0,
396,"simple, virtual",,,"Indian Flute",1,0,visible,"Live 1:1 and group Indian Flute classes with expert mentors. Flexible scheduling, first demo free.","<p>For Parents:This program develops breath control, focus, discipline, and musical sensitivity, while improving cognitive coordination and listening skills.</p><p>What is the difference between Indian Bansuri Flute and Western Concert Flute?</p><p>The Bansuri is a bamboo flute without keys, used mainly in Indian classical music, focusing on expressive playing and improvisation.The Western Concert Flute is a metal, key-based instrument (Boehm system) used in Western classical, orchestral, and modern music.Bansuri relies on breath control and finger placement, while the Western flute allows faster, more precise note changes using keys.The sound of the Bansuri is warm and earthy, whereas the Western flute is bright and versatile.Bansuri learning is largely oral, while Western flute follows structured notation and exams (ABRSM, Trinity).Choose Bansuri for Indian classical expression, and Western flute for global music and certifications.</p><p>At IndiaTutorsOnline, we believe in the limitless potential within everyone to discover and develop their musical talents. We are dedicated to providing high-quality, accessible, and engaging online music classes that cater to learners of all ages and skill levels.</p><p>Our mission is to eliminate barriers to music education, empowering individuals from all walks of life to pursue their passion for music, no matter their location, financial situation, or prior experience.</p><p>Whether your dream is to master the piano, rock out on the Flute, or compose your own symphonies, IndiaTutorsOnline is here to help you bring your musical aspirations to life. Join us today and experience the joy of making music with IndiaTutorsOnline—where your journey to excellence begins.</p>",,,taxable,,1,,,0,1,,,,,1,,,600,"Musical Instruments > Indian Flute, Musical Instruments",,,,,,,,,,,,0,
397,"simple, virtual",,,"Western Flute",1,0,visible,"Live 1:1 and group Western Flute classes with expert mentors. Flexible scheduling, first demo free.","<p>For Parents:This program develops breath control, focus, discipline, and musical sensitivity, while improving cognitive coordination and listening skills.</p><p>What is the difference between Indian Bansuri Flute and Western Concert Flute?</p><p>The Bansuri is a bamboo flute without keys, used mainly in Indian classical music, focusing on expressive playing and improvisation.The Western Concert Flute is a metal, key-based instrument (Boehm system) used in Western classical, orchestral, and modern music.Bansuri relies on breath control and finger placement, while the Western flute allows faster, more precise note changes using keys.The sound of the Bansuri is warm and earthy, whereas the Western flute is bright and versatile.Bansuri learning is largely oral, while Western flute follows structured notation and exams (ABRSM, Trinity).Choose Bansuri for Indian classical expression, and Western flute for global music and certifications.</p><p>At IndiaTutorsOnline, we believe in the limitless potential within everyone to discover and develop their musical talents. We are dedicated to providing high-quality, accessible, and engaging online music classes that cater to learners of all ages and skill levels.</p><p>Our mission is to eliminate barriers to music education, empowering individuals from all walks of life to pursue their passion for music, no matter their location, financial situation, or prior experience.</p><p>Whether your dream is to master the piano, rock out on the Flute, or compose your own symphonies, IndiaTutorsOnline is here to help you bring your musical aspirations to life. Join us today and experience the joy of making music with IndiaTutorsOnline—where your journey to excellence begins.</p>",,,taxable,,1,,,0,1,,,,,1,,,1000,"Musical Instruments, Musical Instruments > Western Flute",,,https://indiatutorsonline.com/wp-content/uploads/2026/05/Sanskrit-1.webp,,,,,,,,,0,
399,"simple, virtual",,,Saxophone,1,0,visible,"Live 1:1 and group Saxophone classes with expert mentors. Flexible scheduling, first demo free.","<p>For Parents:This program develops breath control, discipline, coordination, listening skills, and musical expression, while building confidence through performance.</p><p>2. Alto Saxophone (Most Recommended for Beginners)</p><p>👉 Alto Saxophone is strongly recommended for beginners</p><p>What is the difference between Indian Bansuri Flute and Western Concert Flute?</p><p>The Bansuri is a bamboo flute without keys, used mainly in Indian classical music, focusing on expressive playing and improvisation.The Western Concert Flute is a metal, key-based instrument (Boehm system) used in Western classical, orchestral, and modern music.Bansuri relies on breath control and finger placement, while the Western flute allows faster, more precise note changes using keys.The sound of the Bansuri is warm and earthy, whereas the Western flute is bright and versatile.Bansuri learning is largely oral, while Western flute follows structured notation and exams (ABRSM, Trinity).Choose Bansuri for Indian classical expression, and Western flute for global music and certifications.</p><p>At IndiaTutorsOnline, we believe in the limitless potential within everyone to discover and develop their musical talents. We are dedicated to providing high-quality, accessible, and engaging online music classes that cater to learners of all ages and skill levels.</p><p>Our mission is to eliminate barriers to music education, empowering individuals from all walks of life to pursue their passion for music, no matter their location, financial situation, or prior experience.</p><p>Whether your dream is to master the piano, rock out on the Saxophone, or compose your own symphonies, IndiaTutorsOnline is here to help you bring your musical aspirations to life. Join us today and experience the joy of making music with IndiaTutorsOnline—where your journey to excellence begins.</p>",,,taxable,,1,,,0,1,,,,,1,,,1000,"Musical Instruments, Musical Instruments > Saxophone",,,https://indiatutorsonline.com/wp-content/uploads/2026/05/Saxophone.jpg,,,,,,,,,0,
407,"simple, virtual",,,"Music Theory",1,0,visible,"Live 1:1 and group Music Theory classes with expert mentors. Flexible scheduling, first demo free.","<p>1. Convenience: You can attend classes from the comfort of your own home or any location with internet access. This eliminates the need for commuting, saving you time and money.</p><p>2. Flexibility: Online classes often offer flexible scheduling options, allowing you to choose the time that works best for you. This flexibility is especially beneficial for those with busy schedules or irregular working hours.</p><p>3. Access to Quality Instructors: Online platforms often have a wide selection of qualified instructors from around the world. This means you can find a teacher whose teaching style and expertise align with your learning goals.</p><p>4. Cost-effectiveness: Online classes can be more affordable than in-person lessons since they eliminate overhead costs associated with maintaining a physical location. Additionally, you can often find a variety of pricing options to suit your budget.</p><p>5. Variety of Resources: Online music theory classes often come with a variety of supplementary resources such as video tutorials, practice exercises, and interactive learning tools, enhancing the overall learning experience.</p><p>6.Online Certifications: Opt for online examinations through various esteemed institutions and get certified for your skills.</p><p>At IndiaTutorsOnline, we believe that everyone has the potential to unlock their musical talents and start their journey of self-expression. IndiaTutorsOnline provides high-quality, accessible, and engaging online music classes for learners of all ages and skill levels.</p><p>We strive to break down barriers to learning and empower individuals from diverse backgrounds to pursue their passion for music, regardless of their geographical location, financial means, or previous experience.</p>",,,taxable,,1,,,0,1,,,,,1,,,600,"Musical Instruments > Music Theory, Musical Instruments",,,https://indiatutorsonline.com/wp-content/uploads/2026/05/music-theory.jpg.jpeg,,,,,,,,,0,
409,"simple, virtual",,,Trumpet,1,0,visible,"Live 1:1 and group Trumpet classes with expert mentors. Flexible scheduling, first demo free.","<p>This program develops breath control, discipline, coordination, listening skills, and musical expression, while building confidence through performance.</p>",,,taxable,,1,,,0,1,,,,,1,,,1500,"Musical Instruments, Musical Instruments > Trumpet",,,https://indiatutorsonline.com/wp-content/uploads/2026/05/Trumpet.jpg,,,,,,,,,0,
412,"simple, virtual",,,Sitar,1,0,visible,"Live 1:1 and group Sitar classes with expert mentors. Flexible scheduling, first demo free.","<p>Indian Classical Sitar Program (Hindustani Tradition)</p><p>Level 1 → Foundation (6–8 months)Level 2 → Raga Development &amp; Technique (6–8 months)Level 3 → Advanced Performance &amp; Mastery (8–12 months)</p><p>• Live online classes (1:1 or group)• Weekly structured sessions• Guided riyaz (practice routines)• Assignment-based progression• Periodic performance reviews• Feedback-driven learning• Optional certification pathway</p><p>This program develops concentration, finger dexterity, disciplined practice, tonal awareness, and cultural appreciation, while enhancing creativity and confidence through structured melodic training and performance.</p><p>(Keep same as your file — no change needed)</p><p>The Sitar is one of the most iconic string instruments in Hindustani classical music, renowned globally for its rich, resonant tone and versatility. The Sitar consists of:</p><p>🎓 Hindustani Classical Tradition (Guru–Shishya Parampara)</p><p>This is the traditional way of learning Indian classical music, where the student learns directly from a Guru (master) through:</p>",,,taxable,,1,,,0,1,,,,,1,,,600,"Musical Instruments, Musical Instruments > Sitar",,,,,,,,,,,,0,
417,"simple, virtual",,,Recorder,1,0,visible,"Live 1:1 and group Recorder classes with expert mentors. Flexible scheduling, first demo free.",,,,taxable,,1,,,0,1,,,,,1,,,600,"Musical Instruments, Musical Instruments > Recorder",,,,,,,,,,,,0,
422,"simple, virtual",,,"Carnatic Violin",1,0,visible,"Live 1:1 and group Carnatic Violin classes with expert mentors. Flexible scheduling, first demo free.",,,,taxable,,1,,,0,1,,,,,1,,,1000,"Musical Instruments > Carnatic Violin, Musical Instruments",,,https://indiatutorsonline.com/wp-content/uploads/2026/05/Carnatic-3.jpg,,,,,,,,,0,
425,"simple, virtual",,,"Carnatic Vocal Music",1,0,visible,"Live 1:1 and group Carnatic Vocal Music classes with expert mentors. Flexible scheduling, first demo free.","<p>Carnatic vocal music is a classical tradition originating from South India, characterized by its emphasis on intricate melodies, rhythmic precision, and devotional themes. In this art form, vocalists play a central role, rendering compositions that follow specific ragas and talas. The music often carries spiritual depth and cultural significance, making Carnatic vocal music a revered classical genre.</p><p>Start learning Carnatic Vocal Music from the comfort of your home!</p><p>Why Choose Online Carnatic Vocal Music Classes?</p><p>Rich Cultural Heritage: Carnatic vocal music is deeply embedded in the cultural fabric of South India, carrying centuries-old traditions and spiritual depth. Choosing this genre allows you to connect with a profound cultural heritage.</p><p>Melodic Complexity: The intricate melodic patterns of Carnatic music, expressed through a vast array of ragas, provide a unique and challenging musical journey. Learning to navigate these melodies enhances your understanding of musical intricacies.</p><p>Spiritual and Devotional Essence: Many Carnatic compositions carry devotional and spiritual themes, offering a transcendent and emotional musical experience. Engaging with these compositions allows you to explore the spiritual dimensions of music.</p><p>Rhythmic Precision: Carnatic music places a strong emphasis on rhythmic precision through talas. Mastering the rhythmic intricacies contributes to a well-rounded musical education, fostering a sense of discipline and control.</p><p>Vocal Expression: Carnatic vocal music places the human voice at the forefront, allowing for nuanced expression and emotional depth. Choosing to specialize in vocal music enables you to convey intricate musical nuances with your voice.</p>",,,taxable,,1,,,0,1,,,,,1,,,600,"Vocal Music > Carnatic, Vocal Music",,,https://indiatutorsonline.com/wp-content/uploads/2026/05/Carnatic-4.jpg,,,,,,,,,0,
428,"simple, virtual",,,"Hindustani Vocal Music",1,0,visible,"Live 1:1 and group Hindustani Vocal Music classes with expert mentors. Flexible scheduling, first demo free.","<p>Hindustani vocal music, a classical tradition originating in the Indian subcontinent, is characterized by its emphasis on improvisation, intricate melodic patterns, and the use of ragas and talas. The genre&#x27;s rich history involves contributions from various musicians and scholars, with a profound connection between performers and audiences. In Hindustani vocal music, artists express deep emotions and narratives through their voices, employing techniques such as ornamentation and vibrato. The diverse repertoire spans devotional, classical, semi-classical, and experimental compositions. Gharanas, distinct musical schools, have played a significant role in shaping the tradition.</p><p>Start learning Hindustani Vocal Music from the comfort of your home!</p><p>Why Choose Online Hindustani Vocal Music Classes?</p><p>Expert Instructors: We have a team of experienced and talented vocal instructors who are master’s degree holders in Hindustani music or equivalent and are dedicated to helping you develop your vocal skills and achieve your musical goals. They possess a deep understanding of Hindustani vocal music and are passionate about sharing their knowledge with students.</p><p>Cultural Connection: Hindustani vocal music is deeply rooted in Indian culture and heritage, offering learners a profound connection to centuries-old traditions and artistic expressions.</p><p>Artistic Expression: Hindustani vocal music provides a platform for creative self-expression through melody, rhythm, and emotion, allowing learners to explore their artistic potential and develop their unique voice.</p><p>Musical Proficiency: Hindustani vocal training equips learners with essential musical skills such as pitch control, breath control, voice modulation, and improvisation, enhancing overall vocal proficiency and musicianship.</p><p>Emotional Intelligence: Engaging with Hindustani music fosters emotional intelligence as learners delve into the evocative expressions of different ragas and compositions, deepening their understanding of human emotions and cultural nuances.</p>",,,taxable,,1,,,0,1,,,,,1,,,600,"Vocal Music > Hindustani, Vocal Music",,,https://indiatutorsonline.com/wp-content/uploads/2026/05/Hindustani-Vocal.jpg.jpeg,,,,,,,,,0,
434,"simple, virtual",,,"Western Vocal Music",1,0,visible,"Live 1:1 and group Western Vocal Music classes with expert mentors. Flexible scheduling, first demo free.","<p>Why Choose Online Western Vocal Music Classes?</p><p>Expert Instructors: We have a team of experienced and talented vocal instructors who are certified from Trinity College London/Associated Board of the Royal Schools of Music/Rockschool or equivalent, who are dedicated to helping you develop your vocal skills and achieve your musical goals. They possess a deep understanding of Western vocal techniques and are passionate about sharing their knowledge with students.</p><p>Flexible Learning: With our online classes, you can enjoy the convenience of learning from the comfort of your own home, at your own pace. We offer flexible scheduling options to accommodate your busy lifestyle, allowing you to pursue your passion for music without disrupting your daily routine.</p><p>Comprehensive Curriculum: Our curriculum is carefully crafted to provide a well-rounded education in Western vocal music. Through our coaching students can apply for certifications from Trinity College London/Associated Board of the Royal Schools of Music/Rockschool. From vocal warm-ups and breathing exercises to exploring various musical genres and styles, our classes cover a wide range of topics to enhance your vocal abilities and musical understanding.</p><p>Personalized Approach: We understand that every student is unique, with different learning styles and goals. That&#x27;s why our instructors tailor their teaching methods to meet your individual needs and coach you for the certification of your choice. Whether you&#x27;re interested in pop, rock, jazz, or classical music, we&#x27;ll help you develop a versatile voice that can adapt to any genre.</p><p>Affordable Pricing: We believe that high-quality music education should be accessible to everyone. That&#x27;s why we offer competitive pricing options that fit various budgets. We are committed to providing exceptional value for your investment in your musical journey.</p><p>Enhanced Academic Performance: Studies have shown a positive correlation between music education and academic performance. Learning to sing involves various cognitive skills such as memory, attention, and pattern recognition, which can contribute to improved academic abilities.</p><p>Improved Discipline and Time Management: Committing to regular online classes fosters discipline and time management skills. These qualities are transferable to academic pursuits, helping children develop effective study habits and meet deadlines.</p>",,,taxable,,1,,,0,1,,,,,1,,,600,"Vocal Music, Vocal Music > Western",,,https://indiatutorsonline.com/wp-content/uploads/2026/05/Western-Music-.jpg.jpeg,,,,,,,,,0,
438,"simple, virtual",,,Scratch,1,0,visible,"Live 1:1 and group Scratch classes with expert mentors. Flexible scheduling, first demo free.",,,,taxable,,1,,,0,1,,,,,1,,,300,"IT Technologies, IT Technologies > Scratch",,,https://indiatutorsonline.com/wp-content/uploads/2026/05/Scratch.jpg,,,,,,,,,0,
439,"simple, virtual",,,Blockly,1,0,visible,"Live 1:1 and group Blockly classes with expert mentors. Flexible scheduling, first demo free.",,,,taxable,,1,,,0,1,,,,,1,,,300,"IT Technologies > Blockly, IT Technologies",,,https://indiatutorsonline.com/wp-content/uploads/2026/05/Blockly.jpg,,,,,,,,,0,
447,"simple, virtual",,,"Roblox & Minecraft",1,0,visible,"Live 1:1 and group Roblox & Minecraft classes with expert mentors. Flexible scheduling, first demo free.",,,,taxable,,1,,,0,1,,,,,1,,,300,"IT Technologies, IT Technologies > Roblox & Minecraft",,,,,,,,,,,,0,
458,"simple, virtual",,,Python,1,0,visible,"Live 1:1 and group Python classes with expert mentors. Flexible scheduling, first demo free.",,,,taxable,,1,,,0,1,,,,,1,,,300,"IT Technologies, Python",,,https://indiatutorsonline.com/wp-content/uploads/2026/05/Python.jpg,,,,,,,,,0,
460,"simple, virtual",,,Java,1,0,visible,"Live 1:1 and group Java classes with expert mentors. Flexible scheduling, first demo free.",,,,taxable,,1,,,0,1,,,,,1,,,425,"IT Technologies, IT Technologies > Java",,,https://indiatutorsonline.com/wp-content/uploads/2026/05/JAva.jpg,,,,,,,,,0,
471,"simple, virtual",,,C++,1,0,visible,"Live 1:1 and group C++ classes with expert mentors. Flexible scheduling, first demo free.",,,,taxable,,1,,,0,1,,,,,1,,,300,"IT Technologies > C++, IT Technologies",,,https://indiatutorsonline.com/wp-content/uploads/2026/05/content-writing-course1s-1.jpg,,,,,,,,,0,
476,"simple, virtual",,,"Web Development",1,0,visible,"Live 1:1 and group Web Development classes with expert mentors. Flexible scheduling, first demo free.",,,,taxable,,1,,,0,1,,,,,1,,,300,"IT Technologies, IT Technologies > Web Development",,,https://indiatutorsonline.com/wp-content/uploads/2026/05/Web-Developement.jpg,,,,,,,,,0,
481,"simple, virtual",,,"MIT App Inventor",1,0,visible,"Live 1:1 and group MIT App Inventor classes with expert mentors. Flexible scheduling, first demo free.",,,,taxable,,1,,,0,1,,,,,1,,,300,"IT Technologies, IT Technologies > MIT App Inventor",,,https://indiatutorsonline.com/wp-content/uploads/2026/05/App-Developement-29.jpg,,,,,,,,,0,
494,"simple, virtual",,,Robotics,1,0,visible,"Live 1:1 and group Robotics classes with expert mentors. Flexible scheduling, first demo free.",,,,taxable,,1,,,0,1,,,,,1,,,300,"IT Technologies, IT Technologies > Robotics",,,https://indiatutorsonline.com/wp-content/uploads/2026/05/Robotics.jpg,,,,,,,,,0,
499,"simple, virtual",,,"AI & ML",1,0,visible,"Live 1:1 and group AI & ML classes with expert mentors. Flexible scheduling, first demo free.",,,,taxable,,1,,,0,1,,,,,1,,,600,"IT Technologies > AI & ML, IT Technologies",,,https://indiatutorsonline.com/wp-content/uploads/2026/05/AIML.jpg,,,,,,,,,0,
500,"simple, virtual",,,"Data Science",1,0,visible,"Live 1:1 and group Data Science classes with expert mentors. Flexible scheduling, first demo free.",,,,taxable,,1,,,0,1,,,,,1,,,450,"IT Technologies > Data Science, IT Technologies",,,https://indiatutorsonline.com/wp-content/uploads/2026/05/Data-Science.jpg,,,,,,,,,0,
515,"simple, virtual",,,"AI Prompting",1,0,visible,"Live 1:1 and group AI Prompting classes with expert mentors. Flexible scheduling, first demo free.",,,,taxable,,1,,,0,1,,,,,1,,,300,"IT Technologies > AI Prompting, IT Technologies",,,https://indiatutorsonline.com/wp-content/uploads/2026/05/AI-Prompting.jpg,,,,,,,,,0,
521,"simple, virtual",,,"Graphics Design",1,0,visible,"Live 1:1 and group Graphics Design classes with expert mentors. Flexible scheduling, first demo free.",,,,taxable,,1,,,0,1,,,,,1,,,300,"IT Technologies > Graphics Design, IT Technologies",,,https://indiatutorsonline.com/wp-content/uploads/2026/05/Graphics-Design.jpg,,,,,,,,,0,
522,"simple, virtual",,,"Video Editing",1,0,visible,"Live 1:1 and group Video Editing classes with expert mentors. Flexible scheduling, first demo free.",,,,taxable,,1,,,0,1,,,,,1,,,450,"IT Technologies, IT Technologies > Video Editing",,,https://indiatutorsonline.com/wp-content/uploads/2026/05/Video-Editing.jpg,,,,,,,,,0,
531,"simple, virtual",,,Animation,1,0,visible,"Live 1:1 and group Animation classes with expert mentors. Flexible scheduling, first demo free.",,,,taxable,,1,,,0,1,,,,,1,,,450,"IT Technologies > Animation, IT Technologies",,,https://indiatutorsonline.com/wp-content/uploads/2026/05/Animation.jpg,,,,,,,,,0,
542,"simple, virtual",,,VFX,1,0,visible,"Live 1:1 and group VFX classes with expert mentors. Flexible scheduling, first demo free.",,,,taxable,,1,,,0,1,,,,,1,,,300,"IT Technologies, IT Technologies > VFX",,,https://indiatutorsonline.com/wp-content/uploads/2026/05/VFX.jpg.jpeg,,,,,,,,,0,
543,"simple, virtual",,,AWS,1,0,visible,"Live 1:1 and group AWS classes with expert mentors. Flexible scheduling, first demo free.",,,,taxable,,1,,,0,1,,,,,1,,,450,"IT Technologies > AWS, IT Technologies",,,,,,,,,,,,0,
556,"simple, virtual",,,DevOps,1,0,visible,"Live 1:1 and group DevOps classes with expert mentors. Flexible scheduling, first demo free.",,,,taxable,,1,,,0,1,,,,,1,,,450,"IT Technologies > DevOps, IT Technologies",,,,,,,,,,,,0,
560,"simple, virtual",,,"Rubik's Cube",1,0,visible,"Live 1:1 and group Rubik's Cube classes with expert mentors. Flexible scheduling, first demo free.",,,,taxable,,1,,,0,1,,,,,1,,,300,"Mind Sports, Mind Sports > Rubik's Cube",,,https://indiatutorsonline.com/wp-content/uploads/2026/05/Rubik-pixabay-54101.png,,,,,,,,,0,
565,"simple, virtual",,,Chess,1,0,visible,"Live 1:1 and group Chess classes with expert mentors. Flexible scheduling, first demo free.",,,,taxable,,1,,,0,1,,,,,1,,,300,"Mind Sports > Chess, Mind Sports",,,https://indiatutorsonline.com/wp-content/uploads/2026/05/Chess.jpg,,,,,,,,,0,
578,"simple, virtual",,,"Arts & Painting",1,0,visible,"Live 1:1 and group Arts & Painting classes with expert mentors. Flexible scheduling, first demo free.","<p>Why Choose Online Arts and Painting Classes?</p><p>In a world where screens dominate our daily lives, it&#x27;s no surprise that the realm of education has also shifted its focus to the digital sphere. Online learning platforms have revolutionized how we acquire new skills, and the realm of arts and painting is no exception. Whether you&#x27;re a seasoned artist or an eager beginner, the benefits of enrolling in online arts and painting classes are boundless. Here&#x27;s why you should consider embracing the virtual canvas:</p>",,,taxable,,1,,,0,1,,,,,1,,,200,"Creative Skills > Arts & Painting, Creative Skills",,,https://indiatutorsonline.com/wp-content/uploads/2026/05/Arts-And-Painting-1.jpg,,,,,,,,,0,
581,"simple, virtual",,,"Creative Writing",1,0,visible,"Live 1:1 and group Creative Writing classes with expert mentors. Flexible scheduling, first demo free.",,,,taxable,,1,,,0,1,,,,,1,,,300,"Creative Skills, Creative Skills > Creative Writing",,,https://indiatutorsonline.com/wp-content/uploads/2026/05/content-writing-course1s.jpg,,,,,,,,,0,
587,"simple, virtual",,,"Public Speaking",1,0,visible,"Live 1:1 and group Public Speaking classes with expert mentors. Flexible scheduling, first demo free.","<p>Online Public Speaking – Trial Class Plan (Session 1)</p><p>Duration: 60–75 MinutesMode: Online (Teacher + 5 Students)Theme: Introduction to Public Speaking &amp; SWOT-Based Speaking Activity</p><p>Objective: Make students comfortable and start speaking immediately.</p><p>“When you hear the words Public Speaking, what comes to your mind?”</p><p>2. What Exactly is Public Speaking? (8–10 minutes)</p><p>Public Speaking is the ability to speak clearly, confidently, and effectively in front of an audience with the purpose of:</p><p>It is not only about talking. It is about:✅ Confidence✅ Clear thoughts✅ Strong body language✅ Knowing your audience✅ Structuring your ideas✅ Using voice effectively</p><p>Public speaking is a life skill. It helps in:</p>",,,taxable,,1,,,0,1,,,,,1,,,150,"Creative Skills, Creative Skills > Public Speaking",,,https://indiatutorsonline.com/wp-content/uploads/2026/05/Public-Speaking.jpg,,,,,,,,,0,
596,"simple, virtual",,,"Spelling Competition",1,0,visible,"Live 1:1 and group Spelling Competition classes with expert mentors. Flexible scheduling, first demo free.",,,,taxable,,1,,,0,1,,,,,1,,,300,"Creative Skills, Creative Skills > Spelling Competition",,,,,,,,,,,,0,
603,"simple, virtual",,,"Bollywood Dance",1,0,visible,"Live 1:1 and group Bollywood Dance classes with expert mentors. Flexible scheduling, first demo free.",,,,taxable,,1,,,0,1,,,,,1,,,300,"Dance > Bollywood, Dance",,,https://indiatutorsonline.com/wp-content/uploads/2026/05/Bollywood.jpg,,,,,,,,,0,
608,"simple, virtual",,,"Kuchipudi Dance",1,0,visible,"Live 1:1 and group Kuchipudi Dance classes with expert mentors. Flexible scheduling, first demo free.",,,,taxable,,1,,,0,1,,,,,1,,,300,"Dance, Dance > Kuchipudi",,,https://indiatutorsonline.com/wp-content/uploads/2026/05/Kuchipudi.jpg,,,,,,,,,0,
619,"simple, virtual",,,"Bharatnatyam Dance",1,0,visible,"Live 1:1 and group Bharatnatyam Dance classes with expert mentors. Flexible scheduling, first demo free.",,,,taxable,,1,,,0,1,,,,,1,,,300,"Dance > Bharatnatyam, Dance",,,https://indiatutorsonline.com/wp-content/uploads/2026/05/Bharatnatyam.jpg.jpeg,,,,,,,,,0,
621,"simple, virtual",,,"Kathak Dance",1,0,visible,"Live 1:1 and group Kathak Dance classes with expert mentors. Flexible scheduling, first demo free.",,,,taxable,,1,,,0,1,,,,,1,,,300,"Dance, Dance > Kathak",,,https://indiatutorsonline.com/wp-content/uploads/2026/05/Kathak.jpg,,,,,,,,,0,
633,"simple, virtual",,,"Hip Hop Dance",1,0,visible,"Live 1:1 and group Hip Hop Dance classes with expert mentors. Flexible scheduling, first demo free.",,,,taxable,,1,,,0,1,,,,,1,,,300,"Dance, Dance > Hip Hop",,,,,,,,,,,,0,
634,"simple, virtual",,,"Zumba Dance",1,0,visible,"Live 1:1 and group Zumba Dance classes with expert mentors. Flexible scheduling, first demo free.",,,,taxable,,1,,,0,1,,,,,1,,,300,"Dance, Dance > Zumba",,,,,,,,,,,,0,
647,"simple, virtual",,,"Western Dance Dance",1,0,visible,"Live 1:1 and group Western Dance Dance classes with expert mentors. Flexible scheduling, first demo free.",,,,taxable,,1,,,0,1,,,,,1,,,300,"Dance, Dance > Western Dance",,,https://indiatutorsonline.com/wp-content/uploads/2026/05/Sanskrit.webp,,,,,,,,,0,
651,"simple, virtual",,,Spanish,1,0,visible,"Live 1:1 and group Spanish classes with expert mentors. Flexible scheduling, first demo free.",,,,taxable,,1,,,0,1,,,,,1,,,300,"Languages, Languages > Spanish",,,https://indiatutorsonline.com/wp-content/uploads/2026/05/Spanish.jpg,,,,,,,,,0,
654,"simple, virtual",,,French,1,0,visible,"Live 1:1 and group French classes with expert mentors. Flexible scheduling, first demo free.",,,,taxable,,1,,,0,1,,,,,1,,,300,"Languages > French, Languages",,,https://indiatutorsonline.com/wp-content/uploads/2026/05/French.jpg,,,,,,,,,0,
668,"simple, virtual",,,German,1,0,visible,"Live 1:1 and group German classes with expert mentors. Flexible scheduling, first demo free.",,,,taxable,,1,,,0,1,,,,,1,,,300,"Languages > German, Languages",,,https://indiatutorsonline.com/wp-content/uploads/2026/05/German.jpg,,,,,,,,,0,
674,"simple, virtual",,,Mandarin,1,0,visible,"Live 1:1 and group Mandarin classes with expert mentors. Flexible scheduling, first demo free.",,,,taxable,,1,,,0,1,,,,,1,,,300,"Languages, Languages > Mandarin",,,https://indiatutorsonline.com/wp-content/uploads/2026/05/Mandarin.jpg,,,,,,,,,0,
676,"simple, virtual",,,Russian,1,0,visible,"Live 1:1 and group Russian classes with expert mentors. Flexible scheduling, first demo free.",,,,taxable,,1,,,0,1,,,,,1,,,300,"Languages, Languages > Russian",,,https://indiatutorsonline.com/wp-content/uploads/2026/05/Russian.jpg,,,,,,,,,0,
694,"simple, virtual",,,Sanskrit,1,0,visible,"Live 1:1 and group Sanskrit classes with expert mentors. Flexible scheduling, first demo free.",,,,taxable,,1,,,0,1,,,,,1,,,300,"Languages, Languages > Sanskrit",,,https://indiatutorsonline.com/wp-content/uploads/2026/05/Sanskrit.jpg,,,,,,,,,0,
698,"simple, virtual",,,Hindi,1,0,visible,"Live 1:1 and group Hindi classes with expert mentors. Flexible scheduling, first demo free.",,,,taxable,,1,,,0,1,,,,,1,,,300,"Languages > Hindi, Languages",,,https://indiatutorsonline.com/wp-content/uploads/2026/05/Hindi.jpg,,,,,,,,,0,
702,"simple, virtual",,,Tamil,1,0,visible,"Live 1:1 and group Tamil classes with expert mentors. Flexible scheduling, first demo free.",,,,taxable,,1,,,0,1,,,,,1,,,300,"Languages, Languages > Tamil",,,,,,,,,,,,0,
709,"simple, virtual",,,Telugu,1,0,visible,"Live 1:1 and group Telugu classes with expert mentors. Flexible scheduling, first demo free.",,,,taxable,,1,,,0,1,,,,,1,,,300,"Languages, Languages > Telugu",,,,,,,,,,,,0,
726,"simple, virtual",,,Kannada,1,0,visible,"Live 1:1 and group Kannada classes with expert mentors. Flexible scheduling, first demo free.",,,,taxable,,1,,,0,1,,,,,1,,,300,"Languages > Kannada, Languages",,,https://indiatutorsonline.com/wp-content/uploads/2026/05/Kannada.jpg,,,,,,,,,0,
727,"simple, virtual",,,Malayalam,1,0,visible,"Live 1:1 and group Malayalam classes with expert mentors. Flexible scheduling, first demo free.",,,,taxable,,1,,,0,1,,,,,1,,,300,"Languages, Languages > Malayalam",,,https://indiatutorsonline.com/wp-content/uploads/2026/05/Malayalam.jpg,,,,,,,,,0,
735,"simple, virtual",,,"Phonics, Numbers & Language Development",1,0,visible,"Live 1:1 and group Phonics, Numbers & Language Development classes with expert mentors. Flexible scheduling, first demo free.",,,,taxable,,1,,,0,1,,,,,1,,,600,"Academics — Elementary & Middle School, Academics — Elementary & Middle School > Phonics",,,,,,,,,,,,0,
747,"simple, virtual",,,"Mathematics Grade 1-7",1,0,visible,"Live 1:1 and group Mathematics Grade 1-7 classes with expert mentors. Flexible scheduling, first demo free.",,,,taxable,,1,,,0,1,,,,,1,,,600,"Academics — Elementary & Middle School, Academics — Elementary & Middle School > Mathematics",,,,,,,,,,,,0,
750,"simple, virtual",,,"Mathematics Grade 8",1,0,visible,"Live 1:1 and group Mathematics Grade 8 classes with expert mentors. Flexible scheduling, first demo free.",,,,taxable,,1,,,0,1,,,,,1,,,750,"Academics — Elementary & Middle School, Academics — Elementary & Middle School > Mathematics",,,,,,,,,,,,0,
753,"simple, virtual",,,"Vedic Maths (Grade 3-6)",1,0,visible,"Live 1:1 and group Vedic Maths (Grade 3-6) classes with expert mentors. Flexible scheduling, first demo free.",,,,taxable,,1,,,0,1,,,,,1,,,600,"Academics — Elementary & Middle School, Academics — Elementary & Middle School > Vedic Maths",,,,,,,,,,,,0,
754,"simple, virtual",,,"Vedic Maths (Advanced)",1,0,visible,"Live 1:1 and group Vedic Maths (Advanced) classes with expert mentors. Flexible scheduling, first demo free.",,,,taxable,,1,,,0,1,,,,,1,,,1000,"Academics — Elementary & Middle School, Academics — Elementary & Middle School > Vedic Maths",,,https://indiatutorsonline.com/wp-content/uploads/2026/05/Vedic-Math.jpg,,,,,,,,,0,
757,"simple, virtual",,,"English Grade 1-7",1,0,visible,"Live 1:1 and group English Grade 1-7 classes with expert mentors. Flexible scheduling, first demo free.",,,,taxable,,1,,,0,1,,,,,1,,,600,"Academics — Elementary & Middle School, Academics — Elementary & Middle School > English",,,https://indiatutorsonline.com/wp-content/uploads/2026/05/English-8.jpg,,,,,,,,,0,
758,"simple, virtual",,,"English Grade 8",1,0,visible,"Live 1:1 and group English Grade 8 classes with expert mentors. Flexible scheduling, first demo free.",,,,taxable,,1,,,0,1,,,,,1,,,750,"Academics — Elementary & Middle School, Academics — Elementary & Middle School > English",,,https://indiatutorsonline.com/wp-content/uploads/2026/05/English-9.jpg,,,,,,,,,0,
760,"simple, virtual",,,"Science Grade 1-7",1,0,visible,"Live 1:1 and group Science Grade 1-7 classes with expert mentors. Flexible scheduling, first demo free.",,,,taxable,,1,,,0,1,,,,,1,,,600,"Academics — Elementary & Middle School, Academics — Elementary & Middle School > Science",,,https://indiatutorsonline.com/wp-content/uploads/2026/05/Kids-Science-1.jpg,,,,,,,,,0,
763,"simple, virtual",,,"Science Grade 8",1,0,visible,"Live 1:1 and group Science Grade 8 classes with expert mentors. Flexible scheduling, first demo free.",,,,taxable,,1,,,0,1,,,,,1,,,750,"Academics — Elementary & Middle School, Academics — Elementary & Middle School > Science",,,https://indiatutorsonline.com/wp-content/uploads/2026/05/Kids-Science-2.jpg,,,,,,,,,0,
765,"simple, virtual",,,"Social Studies Grade 1-7",1,0,visible,"Live 1:1 and group Social Studies Grade 1-7 classes with expert mentors. Flexible scheduling, first demo free.",,,,taxable,,1,,,0,1,,,,,1,,,600,"Academics — Elementary & Middle School, Academics — Elementary & Middle School > Social Studies",,,https://indiatutorsonline.com/wp-content/uploads/2026/05/Social-Studies-.jpg-3.jpeg,,,,,,,,,0,
766,"simple, virtual",,,"Social Studies Grade 8",1,0,visible,"Live 1:1 and group Social Studies Grade 8 classes with expert mentors. Flexible scheduling, first demo free.",,,,taxable,,1,,,0,1,,,,,1,,,750,"Academics — Elementary & Middle School, Academics — Elementary & Middle School > Social Studies",,,https://indiatutorsonline.com/wp-content/uploads/2026/05/Social-Studies-.jpg-2.jpeg,,,,,,,,,0,
769,"simple, virtual",,,Abacus,1,0,visible,"Live 1:1 and group Abacus classes with expert mentors. Flexible scheduling, first demo free.",,,,taxable,,1,,,0,1,,,,,1,,,600,"Academics — Elementary & Middle School > Abacus, Academics — Elementary & Middle School",,,,,,,,,,,,0,
771,"simple, virtual",,,"Mathematics Grade 9-10",1,0,visible,"Live 1:1 and group Mathematics Grade 9-10 classes with expert mentors. Flexible scheduling, first demo free.",,,,taxable,,1,,,0,1,,,,,1,,,1000,"Academics — High School, Academics — Elementary & Middle School > Mathematics",,,,,,,,,,,,0,
772,"simple, virtual",,,"Mathematics Grade 11-12",1,0,visible,"Live 1:1 and group Mathematics Grade 11-12 classes with expert mentors. Flexible scheduling, first demo free.",,,,taxable,,1,,,0,1,,,,,1,,,1200,"Academics — High School, Academics — Elementary & Middle School > Mathematics",,,,,,,,,,,,0,
774,"simple, virtual",,,"English Grade 9-10",1,0,visible,"Live 1:1 and group English Grade 9-10 classes with expert mentors. Flexible scheduling, first demo free.",,,,taxable,,1,,,0,1,,,,,1,,,1000,"Academics — High School, Academics — Elementary & Middle School > English",,,https://indiatutorsonline.com/wp-content/uploads/2026/05/English-6.jpg,,,,,,,,,0,
776,"simple, virtual",,,"English Grade 11-12",1,0,visible,"Live 1:1 and group English Grade 11-12 classes with expert mentors. Flexible scheduling, first demo free.",,,,taxable,,1,,,0,1,,,,,1,,,1200,"Academics — High School, Academics — Elementary & Middle School > English",,,https://indiatutorsonline.com/wp-content/uploads/2026/05/English-7.jpg,,,,,,,,,0,
778,"simple, virtual",,,"Science Grade 9-10",1,0,visible,"Live 1:1 and group Science Grade 9-10 classes with expert mentors. Flexible scheduling, first demo free.",,,,taxable,,1,,,0,1,,,,,1,,,1000,"Academics — High School, Academics — Elementary & Middle School > Science",,,https://indiatutorsonline.com/wp-content/uploads/2026/05/Kids-Science.jpg,,,,,,,,,0,
782,"simple, virtual",,,"Physics Grade 11-12",1,0,visible,"Live 1:1 and group Physics Grade 11-12 classes with expert mentors. Flexible scheduling, first demo free.",,,,taxable,,1,,,0,1,,,,,1,,,1200,"Academics — High School, Academics — High School > Physics",,,https://indiatutorsonline.com/wp-content/uploads/2026/05/Physics.jpg.jpeg,,,,,,,,,0,
783,"simple, virtual",,,"Chemistry Grade 11-12",1,0,visible,"Live 1:1 and group Chemistry Grade 11-12 classes with expert mentors. Flexible scheduling, first demo free.",,,,taxable,,1,,,0,1,,,,,1,,,1200,"Academics — High School, Academics — High School > Chemistry",,,https://indiatutorsonline.com/wp-content/uploads/2026/05/AP-Chemistry.jpg,,,,,,,,,0,
785,"simple, virtual",,,"Biology Grade 11-12",1,0,visible,"Live 1:1 and group Biology Grade 11-12 classes with expert mentors. Flexible scheduling, first demo free.",,,,taxable,,1,,,0,1,,,,,1,,,1200,"Academics — High School, Academics — High School > Biology",,,https://indiatutorsonline.com/wp-content/uploads/2026/05/Biology.jpg,,,,,,,,,0,
790,"simple, virtual",,,"Social Studies Grade 9-10",1,0,visible,"Live 1:1 and group Social Studies Grade 9-10 classes with expert mentors. Flexible scheduling, first demo free.",,,,taxable,,1,,,0,1,,,,,1,,,1000,"Academics — High School, Academics — Elementary & Middle School > Social Studies",,,https://indiatutorsonline.com/wp-content/uploads/2026/05/Social-Studies-.jpg.jpeg,,,,,,,,,0,
792,"simple, virtual",,,"Social Studies Grade 11-12",1,0,visible,"Live 1:1 and group Social Studies Grade 11-12 classes with expert mentors. Flexible scheduling, first demo free.",,,,taxable,,1,,,0,1,,,,,1,,,1200,"Academics — High School, Academics — Elementary & Middle School > Social Studies",,,https://indiatutorsonline.com/wp-content/uploads/2026/05/Social-Studies-.jpg-1.jpeg,,,,,,,,,0,
793,"simple, virtual",,,"Integrated Math I/II/III",1,0,visible,"Live 1:1 and group Integrated Math I/II/III classes with expert mentors. Flexible scheduling, first demo free.",,,,taxable,,1,,,0,1,,,,,1,,,1200,"Academics — High School, Academics — Elementary & Middle School > Mathematics",,,https://indiatutorsonline.com/wp-content/uploads/2026/05/Integeated-Math.jpg,,,,,,,,,0,
794,"simple, virtual",,,"Algebra I",1,0,visible,"Live 1:1 and group Algebra I classes with expert mentors. Flexible scheduling, first demo free.",,,,taxable,,1,,,0,1,,,,,1,,,1200,"Academics — High School, Academics — High School > Algebra",,,https://indiatutorsonline.com/wp-content/uploads/2026/05/Untitled-design-73.png,,,,,,,,,0,
795,"simple, virtual",,,"Algebra II",1,0,visible,"Live 1:1 and group Algebra II classes with expert mentors. Flexible scheduling, first demo free.",,,,taxable,,1,,,0,1,,,,,1,,,1200,"Academics — High School, Academics — High School > Algebra",,,https://indiatutorsonline.com/wp-content/uploads/2026/05/11ae09ff89924f31a22bcef65cf1326c119f6d9abd6bb437a7271b84a7c7623f.jpg,,,,,,,,,0,
800,"simple, virtual",,,Geometry,1,0,visible,"Live 1:1 and group Geometry classes with expert mentors. Flexible scheduling, first demo free.",,,,taxable,,1,,,0,1,,,,,1,,,1200,"Academics — High School, Academics — High School > Geometry",,,https://indiatutorsonline.com/wp-content/uploads/2026/05/drum.jpg,,,,,,,,,0,
801,"simple, virtual",,,Pre-Calculus,1,0,visible,"Live 1:1 and group Pre-Calculus classes with expert mentors. Flexible scheduling, first demo free.",,,,taxable,,1,,,0,1,,,,,1,,,1200,"Academics — High School, Academics — High School > Calculus",,,https://indiatutorsonline.com/wp-content/uploads/2026/05/Pre-Calculus.jpg,,,,,,,,,0,
803,"simple, virtual",,,Calculus,1,0,visible,"Live 1:1 and group Calculus classes with expert mentors. Flexible scheduling, first demo free.",,,,taxable,,1,,,0,1,,,,,1,,,1200,"Academics — High School, Academics — High School > Calculus",,,,,,,,,,,,0,
806,"simple, virtual",,,"Essay Writing",1,0,visible,"Live 1:1 and group Essay Writing classes with expert mentors. Flexible scheduling, first demo free.",,,,taxable,,1,,,0,1,,,,,1,,,1000,"Academics — High School, Academics — High School > Essay Writing",,,,,,,,,,,,0,
810,"simple, virtual",,,Economics,1,0,visible,"Live 1:1 and group Economics classes with expert mentors. Flexible scheduling, first demo free.",,,,taxable,,1,,,0,1,,,,,1,,,1200,"Academics — High School, Academics — High School > Economics",,,,,,,,,,,,0,
811,"simple, virtual",,,"Honors Chemistry",1,0,visible,"Live 1:1 and group Honors Chemistry classes with expert mentors. Flexible scheduling, first demo free.",,,,taxable,,1,,,0,1,,,,,1,,,1000,"Academics — High School, Academics — High School > Honors",,,,,,,,,,,,0,
813,"simple, virtual",,,"Honors Biology",1,0,visible,"Live 1:1 and group Honors Biology classes with expert mentors. Flexible scheduling, first demo free.",,,,taxable,,1,,,0,1,,,,,1,,,1000,"Academics — High School, Academics — High School > Honors",,,,,,,,,,,,0,
816,"simple, virtual",,,"Honors Physics",1,0,visible,"Live 1:1 and group Honors Physics classes with expert mentors. Flexible scheduling, first demo free.",,,,taxable,,1,,,0,1,,,,,1,,,1000,"Academics — High School, Academics — High School > Honors",,,,,,,,,,,,0,
817,"simple, virtual",,,"AP Physics 1/2",1,0,visible,"Live 1:1 and group AP Physics 1/2 classes with expert mentors. Flexible scheduling, first demo free.",,,,taxable,,1,,,0,1,,,,,1,,,1200,"AP Courses, AP Courses > AP Physics",,,https://indiatutorsonline.com/wp-content/uploads/2026/05/App-Developement-13.jpg,,,,,,,,,0,
821,"simple, virtual",,,"AP Physics C",1,0,visible,"Live 1:1 and group AP Physics C classes with expert mentors. Flexible scheduling, first demo free.",,,,taxable,,1,,,0,1,,,,,1,,,1500,"AP Courses, AP Courses > AP Physics",,,https://indiatutorsonline.com/wp-content/uploads/2026/05/App-Developement-14.jpg,,,,,,,,,0,
824,"simple, virtual",,,"AP Physics C Mechanics",1,0,visible,"Live 1:1 and group AP Physics C Mechanics classes with expert mentors. Flexible scheduling, first demo free.",,,,taxable,,1,,,0,1,,,,,1,,,1500,"AP Courses, AP Courses > AP Physics",,,https://indiatutorsonline.com/wp-content/uploads/2026/05/App-Developement-19.jpg,,,,,,,,,0,
826,"simple, virtual",,,"AP Chemistry",1,0,visible,"Live 1:1 and group AP Chemistry classes with expert mentors. Flexible scheduling, first demo free.",,,,taxable,,1,,,0,1,,,,,1,,,1200,"AP Courses > AP Chemistry, AP Courses",,,https://indiatutorsonline.com/wp-content/uploads/2026/05/AP-Chemistry.png,,,,,,,,,0,
833,"simple, virtual",,,"AP Biology",1,0,visible,"Live 1:1 and group AP Biology classes with expert mentors. Flexible scheduling, first demo free.",,,,taxable,,1,,,0,1,,,,,1,,,1200,"AP Courses > AP Biology, AP Courses",,,https://indiatutorsonline.com/wp-content/uploads/2026/05/AP-Biology-1.png,,,,,,,,,0,
834,"simple, virtual",,,"AP Pre-Calculus",1,0,visible,"Live 1:1 and group AP Pre-Calculus classes with expert mentors. Flexible scheduling, first demo free.",,,,taxable,,1,,,0,1,,,,,1,,,1200,"AP Courses > AP Calculus, AP Courses",,,https://indiatutorsonline.com/wp-content/uploads/2026/05/App-Developement-24.jpg,,,,,,,,,0,
835,"simple, virtual",,,"AP Calculus AB",1,0,visible,"Live 1:1 and group AP Calculus AB classes with expert mentors. Flexible scheduling, first demo free.",,,,taxable,,1,,,0,1,,,,,1,,,1500,"AP Courses > AP Calculus, AP Courses",,,https://indiatutorsonline.com/wp-content/uploads/2026/05/App-Developement-25.jpg,,,,,,,,,0,
836,"simple, virtual",,,"AP Calculus BC",1,0,visible,"Live 1:1 and group AP Calculus BC classes with expert mentors. Flexible scheduling, first demo free.",,,,taxable,,1,,,0,1,,,,,1,,,1500,"AP Courses > AP Calculus, AP Courses",,,https://indiatutorsonline.com/wp-content/uploads/2026/05/App-Developement-26.jpg,,,,,,,,,0,
838,"simple, virtual",,,"AP English Language",1,0,visible,"Live 1:1 and group AP English Language classes with expert mentors. Flexible scheduling, first demo free.",,,,taxable,,1,,,0,1,,,,,1,,,1200,"AP Courses, AP Courses > AP Languages",,,https://indiatutorsonline.com/wp-content/uploads/2026/05/App-Developement-28.jpg,,,,,,,,,0,
840,"simple, virtual",,,"AP Spanish",1,0,visible,"Live 1:1 and group AP Spanish classes with expert mentors. Flexible scheduling, first demo free.",,,,taxable,,1,,,0,1,,,,,1,,,1000,"AP Courses, AP Courses > AP Languages",,,https://indiatutorsonline.com/wp-content/uploads/2026/05/AP-Calculus-AB-BC-2.png,,,,,,,,,0,
842,"simple, virtual",,,"AP French",1,0,visible,"Live 1:1 and group AP French classes with expert mentors. Flexible scheduling, first demo free.",,,,taxable,,1,,,0,1,,,,,1,,,1000,"AP Courses, AP Courses > AP Languages",,,https://indiatutorsonline.com/wp-content/uploads/2026/05/AP-Calculus-AB-BC-4.png,,,,,,,,,0,
843,"simple, virtual",,,"AP Computer Science",1,0,visible,"Live 1:1 and group AP Computer Science classes with expert mentors. Flexible scheduling, first demo free.",,,,taxable,,1,,,0,1,,,,,1,,,1000,"AP Courses > AP Computer Science, AP Courses",,,https://indiatutorsonline.com/wp-content/uploads/2026/05/AP-Computer-Science.png,,,,,,,,,0,
848,"simple, virtual",,,"AP Computer Science Principles",1,0,visible,"Live 1:1 and group AP Computer Science Principles classes with expert mentors. Flexible scheduling, first demo free.",,,,taxable,,1,,,0,1,,,,,1,,,1000,"AP Courses > AP Computer Science, AP Courses",,,https://indiatutorsonline.com/wp-content/uploads/2026/05/AP-Computer-Science-Principles-2.png,,,,,,,,,0,
850,"simple, virtual",,,"AP US History",1,0,visible,"Live 1:1 and group AP US History classes with expert mentors. Flexible scheduling, first demo free.",,,,taxable,,1,,,0,1,,,,,1,,,1000,"AP Courses, AP Courses > AP History",,,https://indiatutorsonline.com/wp-content/uploads/2026/05/App-Developement-12.jpg,,,,,,,,,0,
851,"simple, virtual",,,"AP European History",1,0,visible,"Live 1:1 and group AP European History classes with expert mentors. Flexible scheduling, first demo free.",,,,taxable,,1,,,0,1,,,,,1,,,1000,"AP Courses, AP Courses > AP History",,,https://indiatutorsonline.com/wp-content/uploads/2026/05/App-Developement-3.jpg,,,,,,,,,0,
853,"simple, virtual",,,"AP Statistics",1,0,visible,"Live 1:1 and group AP Statistics classes with expert mentors. Flexible scheduling, first demo free.",,,,taxable,,1,,,0,1,,,,,1,,,1500,"AP Courses, AP Courses > AP Statistics",,,https://indiatutorsonline.com/wp-content/uploads/2026/05/App-Developement-5.jpg,,,,,,,,,0,
854,"simple, virtual",,,"AP Music Theory",1,0,visible,"Live 1:1 and group AP Music Theory classes with expert mentors. Flexible scheduling, first demo free.",,,,taxable,,1,,,0,1,,,,,1,,,1000,"AP Courses, AP Courses > AP Music Theory",,,https://indiatutorsonline.com/wp-content/uploads/2026/05/App-Developement-8.jpg,,,,,,,,,0,
856,"simple, virtual",,,"AP Micro Economics",1,0,visible,"Live 1:1 and group AP Micro Economics classes with expert mentors. Flexible scheduling, first demo free.",,,,taxable,,1,,,0,1,,,,,1,,,1000,"AP Courses, AP Courses > AP Economics",,,https://indiatutorsonline.com/wp-content/uploads/2026/05/App-Developement.jpg,,,,,,,,,0,
859,"simple, virtual",,,"AP Macro Economics",1,0,visible,"Live 1:1 and group AP Macro Economics classes with expert mentors. Flexible scheduling, first demo free.",,,,taxable,,1,,,0,1,,,,,1,,,1000,"AP Courses, AP Courses > AP Economics",,,https://indiatutorsonline.com/wp-content/uploads/2026/05/App-Developement-1.jpg,,,,,,,,,0,
861,"simple, virtual",,,"English SAT/PSAT",1,0,visible,"Live 1:1 and group English SAT/PSAT classes with expert mentors. Flexible scheduling, first demo free.",,,,taxable,,1,,,0,1,,,,,1,,,1200,"Standardized Tests > English SAT/PSAT, Standardized Tests",,,https://indiatutorsonline.com/wp-content/uploads/2026/05/English-2.jpg,,,,,,,,,0,
864,"simple, virtual",,,"Math SAT/PSAT",1,0,visible,"Live 1:1 and group Math SAT/PSAT classes with expert mentors. Flexible scheduling, first demo free.",,,,taxable,,1,,,0,1,,,,,1,,,1200,"Standardized Tests > Math SAT/PSAT, Standardized Tests",,,https://indiatutorsonline.com/wp-content/uploads/2026/05/Carnatic-2.jpg,,,,,,,,,0,
865,"simple, virtual",,,NMSQT,1,0,visible,"Live 1:1 and group NMSQT classes with expert mentors. Flexible scheduling, first demo free.",,,,taxable,,1,,,0,1,,,,,1,,,1200,"Standardized Tests > NMSQT, Standardized Tests",,,,,,,,,,,,0,
869,"simple, virtual",,,ACT,1,0,visible,"Live 1:1 and group ACT classes with expert mentors. Flexible scheduling, first demo free.",,,,taxable,,1,,,0,1,,,,,1,,,1200,"Standardized Tests > ACT, Standardized Tests",,,,,,,,,,,,0,
1027,"simple, virtual",,,"Art and Craft",1,0,visible,"Live one-to-one and group Art and Craft classes with expert mentors. Flexible scheduling, first demo free.",,,,taxable,,1,,,0,1,,,,,1,,,200,"Creative Skills > Art and Craft, Creative Skills",,,,,,,,,,,,0,
1028,"simple, virtual",,,"Digital SAT/PSAT Math",1,0,visible,"Live one-to-one and group Digital SAT/PSAT Math classes with expert mentors. Flexible scheduling, first demo free.",,,,taxable,,1,,,0,1,,,,,1,,,1200,"Standardized Tests > Digital SAT/PSAT Math, Standardized Tests",,,,,,,,,,,,0,
